,일자,시가,저가,고가,종가,거래량
0,2013-01-02,228933,225456,230919,225953,155593
1,2013-01-03,227443,217511,230422,219497,358689
2,2013-01-04,219994,219001,224960,224960,236307
3,2013-01-07,227939,227443,238865,238368,407678
4,2013-01-08,238368,234395,239858,235388,199924
5,2013-01-09,237375,230919,238368,231912,148921
6,2013-01-10,230422,223967,232409,227443,236880
7,2013-01-11,230422,223967,230919,226946,171260
8,2013-01-14,225953,223470,236878,235388,242988
9,2013-01-15,231912,227939,235388,232905,242323
10,2013-01-16,235388,229429,238368,230422,185753
11,2013-01-17,230919,228933,234395,232905,132807
12,2013-01-18,234395,230422,235388,235388,200428
13,2013-01-21,237375,234395,242341,241348,365171
14,2013-01-22,242341,239361,246314,244824,358374
15,2013-01-23,244824,242837,248300,245817,199678
16,2013-01-24,246810,243334,247307,245320,135110
17,2013-01-25,245320,238368,246810,246810,174093
18,2013-01-28,247803,244327,249293,247307,137629
19,2013-01-29,247803,238368,247803,240851,241326
20,2013-01-30,241348,239361,244824,242837,196417
21,2013-01-31,241348,237375,244824,239361,220659
22,2013-02-01,240354,240354,245320,244327,210603
23,2013-02-04,247803,239858,247803,241348,112823
24,2013-02-05,233899,227939,237375,229926,400888
25,2013-02-06,227939,219001,229429,224960,451240
26,2013-02-07,227443,221484,238368,231912,666037
27,2013-02-08,233402,233402,239361,234395,368069
28,2013-02-12,236382,230422,238865,233402,191415
29,2013-02-13,235885,234395,242341,241844,177442
30,2013-02-14,243334,239858,246810,241348,184740
31,2013-02-15,245320,241348,245320,244824,116996
32,2013-02-18,246314,242837,247307,243831,97579
33,2013-02-19,245320,242341,247307,246314,140660
34,2013-02-20,248300,248300,260715,259722,428708
35,2013-02-21,259722,256246,261708,259722,196680
36,2013-02-22,261212,259225,265184,261708,275362
37,2013-02-25,261708,258232,262701,260715,130955
38,2013-02-26,258729,258729,264191,262701,189596
39,2013-02-27,265184,259225,265681,262205,89593
40,2013-02-28,263695,257239,265184,261212,181375
41,2013-03-04,266674,266674,274123,273130,342669
42,2013-03-05,278096,272633,280579,272633,199331
43,2013-03-06,272137,268164,274123,268164,147672
44,2013-03-07,264688,261708,270150,266178,240607
45,2013-03-08,270647,267667,275116,272137,149605
46,2013-03-11,271144,258232,273627,262205,384568
47,2013-03-12,265184,257239,267171,259722,317081
48,2013-03-13,259722,255749,262701,262701,216157
49,2013-03-14,263198,259225,264191,261212,150500
50,2013-03-15,263695,261708,266178,261708,150671
51,2013-03-18,262701,259225,267667,262205,127147
52,2013-03-19,265184,264688,273130,271144,182534
53,2013-03-20,271640,265184,273130,267171,154053
54,2013-03-21,271640,267171,273130,269157,131341
55,2013-03-22,271640,268164,273627,273130,151815
56,2013-03-25,273130,267667,273130,268661,121703
57,2013-03-26,269654,264191,270150,264688,155247
58,2013-03-27,264688,261212,269157,268164,162944
59,2013-03-28,270150,266178,270150,266178,119243
60,2013-03-29,270150,268164,278096,275116,238811
61,2013-04-01,278096,276606,293491,292001,317442
62,2013-04-02,294980,285048,295477,285545,200592
63,2013-04-03,287531,278593,289021,285545,251211
64,2013-04-04,285545,280579,288525,284552,186296
65,2013-04-05,283559,281076,295974,284055,278426
66,2013-04-08,287035,272137,287035,275613,249895
67,2013-04-09,271640,262701,277103,275116,262719
68,2013-04-10,275613,268661,278096,270150,165919
69,2013-04-11,272137,268661,280082,278096,147668
70,2013-04-12,282069,281076,292497,290014,259436
71,2013-04-15,288525,285545,293491,285545,144054
72,2013-04-16,287035,284552,303423,302429,316834
73,2013-04-17,302429,292001,304912,293987,216754
74,2013-04-18,292994,287531,299450,288028,230092
75,2013-04-19,286538,286042,293987,289021,218691
76,2013-04-22,286042,284552,290014,287035,316072
77,2013-04-23,290014,282069,291504,289021,305368
78,2013-04-24,293987,286538,293987,287035,284123
79,2013-04-25,287035,284552,290014,287531,174788
80,2013-04-26,288028,284552,291008,284552,129673
81,2013-04-29,287531,283559,287531,285048,132356
82,2013-04-30,287531,287035,296470,293987,327711
83,2013-05-02,297960,296470,302926,297960,358904
84,2013-05-03,301436,294484,302926,296967,194679
85,2013-05-06,298457,294980,301436,294980,144805
86,2013-05-07,293491,292497,299450,293987,133158
87,2013-05-08,292994,292994,299946,298457,162507
88,2013-05-09,296470,284055,298953,286538,439364
89,2013-05-10,287035,287035,293491,288525,257878
90,2013-05-13,288525,279586,291008,290014,304829
91,2013-05-14,284055,283062,289518,287035,247769
92,2013-05-15,286042,284055,293987,291008,402398
93,2013-05-16,294980,294484,317824,312858,448590
94,2013-05-20,313851,310872,321300,310872,263516
95,2013-05-21,313851,312858,320804,316831,217819
96,2013-05-22,317824,313851,319314,314844,203548
97,2013-05-23,312361,305906,313355,306899,224604
98,2013-05-24,311368,306402,313355,310872,155748
99,2013-05-27,307395,306899,312361,309878,94186
100,2013-05-28,312361,310872,318817,312858,226921
101,2013-05-29,312858,311368,316334,315838,139513
102,2013-05-30,313355,303423,313851,304912,283673
103,2013-05-31,306899,298457,309878,302926,175941
104,2013-06-03,302926,295974,302926,295974,206806
105,2013-06-04,295974,290511,298457,290511,227504
106,2013-06-05,292497,290511,297463,293987,288030
107,2013-06-07,297960,284552,298953,288028,245299
108,2013-06-10,288028,286538,294980,292994,117815
109,2013-06-11,291504,289518,298953,298953,180162
110,2013-06-12,297463,289518,298953,290511,125996
111,2013-06-13,288525,277599,289518,277599,388950
112,2013-06-14,281076,277599,283559,279089,185728
113,2013-06-17,281076,269654,282069,278593,197716
114,2013-06-18,278096,271640,286538,285048,231725
115,2013-06-19,287531,276110,287531,277599,118913
116,2013-06-20,269157,265184,271144,268661,264112
117,2013-06-21,261708,261212,273130,273130,166461
118,2013-06-24,270647,267171,274620,269157,102748
119,2013-06-25,271144,263198,275116,267667,179909
120,2013-06-26,274123,269157,276110,274123,174730
121,2013-06-27,278096,275116,282565,275116,223796
122,2013-06-28,277599,276606,291008,288525,332434
123,2013-07-01,286042,282069,291008,288028,137686
124,2013-07-02,288525,285545,297463,291008,198741
125,2013-07-03,294980,288028,299450,289518,174516
126,2013-07-04,289518,283559,290511,288525,161357
127,2013-07-05,289021,285048,292994,286042,99368
128,2013-07-08,286042,285048,292001,288525,119589
129,2013-07-09,292001,285048,293491,293491,108398
130,2013-07-10,294484,277103,294980,278096,363148
131,2013-07-11,282565,282069,290014,288028,184989
132,2013-07-12,285545,282069,288028,288028,155196
133,2013-07-15,286538,280082,286538,284552,124690
134,2013-07-16,286042,283062,293491,290511,137913
135,2013-07-17,290511,286042,293491,291008,122372
136,2013-07-18,290014,285545,294484,286042,168845
137,2013-07-19,285048,280082,286538,281076,190762
138,2013-07-22,284055,275116,284552,275613,213431
139,2013-07-23,277103,275613,283559,281572,240589
140,2013-07-24,283062,269157,284055,274123,381626
141,2013-07-25,276110,274620,283062,278096,391121
142,2013-07-26,286538,284552,300940,298953,684426
143,2013-07-29,297960,286042,300443,291504,1258246
144,2013-07-30,291504,291504,291504,291504,0
145,2013-07-31,291504,291504,291504,291504,0
146,2013-08-01,291504,291504,291504,291504,0
147,2013-08-02,291504,291504,291504,291504,0
148,2013-08-05,291504,291504,291504,291504,0
149,2013-08-06,291504,291504,291504,291504,0
150,2013-08-07,291504,291504,291504,291504,0
151,2013-08-08,291504,291504,291504,291504,0
152,2013-08-09,291504,291504,291504,291504,0
153,2013-08-12,291504,291504,291504,291504,0
154,2013-08-13,291504,291504,291504,291504,0
155,2013-08-14,291504,291504,291504,291504,0
156,2013-08-16,291504,291504,291504,291504,0
157,2013-08-19,291504,291504,291504,291504,0
158,2013-08-20,291504,291504,291504,291504,0
159,2013-08-21,291504,291504,291504,291504,0
160,2013-08-22,291504,291504,291504,291504,0
161,2013-08-23,291504,291504,291504,291504,0
162,2013-08-26,291504,291504,291504,291504,0
163,2013-08-27,291504,291504,291504,291504,0
164,2013-08-28,291504,291504,291504,291504,0
165,2013-08-29,460000,431000,491500,480000,2021372
166,2013-08-30,474000,446500,474000,446500,752698
167,2013-09-02,446500,446500,458500,449500,329233
168,2013-09-03,447500,443000,452000,443000,257085
169,2013-09-04,442000,432500,448500,437000,278622
170,2013-09-05,441000,440500,459500,456500,292076
171,2013-09-06,460000,448000,463000,456500,156276
172,2013-09-09,460000,460000,494000,486000,400716
173,2013-09-10,500000,491500,520000,520000,368758
174,2013-09-11,513000,502000,520000,512000,370812
175,2013-09-12,523000,522000,535000,525000,574147
176,2013-09-13,521000,513000,531000,521000,198641
177,2013-09-16,538000,518000,542000,529000,198212
178,2013-09-17,521000,520000,530000,524000,175903
179,2013-09-23,531000,531000,540000,540000,340548
180,2013-09-24,540000,535000,544000,543000,240406
181,2013-09-25,555000,549000,561000,555000,276352
182,2013-09-26,550000,536000,557000,553000,221180
183,2013-09-27,552000,550000,558000,555000,126677
184,2013-09-30,550000,548000,560000,557000,159608
185,2013-10-01,555000,552000,564000,557000,151553
186,2013-10-02,557000,547000,559000,554000,184024
187,2013-10-04,547000,534000,553000,547000,236514
188,2013-10-07,550000,544000,561000,548000,183850
189,2013-10-08,553000,543000,572000,572000,179651
190,2013-10-10,569000,561000,572000,568000,431058
191,2013-10-11,577000,572000,585000,582000,325979
192,2013-10-14,580000,577000,590000,580000,191530
193,2013-10-15,595000,595000,639000,632000,317347
194,2013-10-16,627000,594000,630000,595000,479503
195,2013-10-17,605000,592000,616000,610000,306522
196,2013-10-18,620000,619000,658000,640000,405828
197,2013-10-21,655000,651000,687000,665000,404139
198,2013-10-22,667000,646000,668000,655000,222701
199,2013-10-23,650000,611000,653000,618000,351174
200,2013-10-24,618000,608000,631000,618000,232384
201,2013-10-25,625000,601000,634000,607000,278875
202,2013-10-28,611000,606000,638000,638000,215861
203,2013-10-29,635000,618000,635000,630000,197043
204,2013-10-30,629000,608000,630000,630000,195459
205,2013-10-31,620000,590000,623000,597000,452214
206,2013-11-01,590000,587000,613000,605000,172568
207,2013-11-04,606000,586000,610000,586000,152787
208,2013-11-05,587000,587000,604000,597000,163233
209,2013-11-06,600000,578000,604000,580000,185984
210,2013-11-07,580000,566000,592000,583000,305956
211,2013-11-08,593000,560000,596000,560000,260888
212,2013-11-11,572000,562000,583000,580000,186469
213,2013-11-12,587000,579000,617000,614000,198410
214,2013-11-13,612000,590000,619000,600000,147703
215,2013-11-14,613000,607000,627000,620000,178801
216,2013-11-15,627000,612000,627000,627000,141299
217,2013-11-18,630000,617000,631000,625000,88570
218,2013-11-19,609000,607000,618000,618000,186171
219,2013-11-20,647000,622000,647000,630000,220581
220,2013-11-21,630000,619000,636000,625000,118269
221,2013-11-22,631000,621000,639000,636000,115473
222,2013-11-25,639000,636000,648000,636000,127479
223,2013-11-26,638000,631000,651000,635000,177117
224,2013-11-27,638000,627000,663000,663000,173092
225,2013-11-28,677000,675000,708000,696000,314991
226,2013-11-29,700000,682000,702000,692000,118937
227,2013-12-02,692000,683000,699000,687000,91407
228,2013-12-03,686000,683000,706000,686000,155123
229,2013-12-04,684000,667000,694000,673000,132496
230,2013-12-05,681000,672000,689000,676000,168092
231,2013-12-06,681000,680000,719000,710000,185636
232,2013-12-09,712000,705000,719000,709000,155213
233,2013-12-10,713000,703000,728000,709000,165716
234,2013-12-11,720000,709000,722000,717000,97273
235,2013-12-12,718000,705000,724000,714000,106611
236,2013-12-13,722000,700000,728000,703000,199074
237,2013-12-16,708000,701000,715000,708000,129241
238,2013-12-17,714000,712000,740000,732000,173970
239,2013-12-18,732000,706000,735000,710000,236337
240,2013-12-19,722000,711000,736000,730000,167957
241,2013-12-20,739000,721000,742000,736000,139824
242,2013-12-23,742000,734000,745000,740000,127860
243,2013-12-24,750000,734000,751000,734000,136578
244,2013-12-26,734000,713000,735000,714000,168497
245,2013-12-27,723000,721000,740000,734000,105659
246,2013-12-30,717000,716000,727000,724000,117875
247,2014-01-02,739000,724000,742000,725000,110009
248,2014-01-03,725000,694000,725000,699000,220469
249,2014-01-06,705000,691000,713000,699000,185826
250,2014-01-07,701000,699000,708000,700000,144233
251,2014-01-08,714000,686000,727000,700000,228388
252,2014-01-09,695000,671000,698000,671000,213980
253,2014-01-10,662000,662000,692000,690000,198161
254,2014-01-13,695000,664000,701000,670000,189724
255,2014-01-14,668000,662000,686000,667000,196391
256,2014-01-15,674000,667000,695000,693000,157559
257,2014-01-16,704000,701000,721000,720000,161840
258,2014-01-17,720000,708000,721000,715000,93805
259,2014-01-20,715000,714000,728000,717000,73545
260,2014-01-21,716000,698000,716000,700000,111129
261,2014-01-22,700000,693000,705000,704000,118586
262,2014-01-23,704000,695000,709000,700000,62770
263,2014-01-24,704000,675000,704000,679000,337903
264,2014-01-27,651000,643000,669000,659000,284528
265,2014-01-28,660000,658000,678000,677000,111497
266,2014-01-29,680000,672000,686000,675000,137304
267,2014-02-03,682000,675000,692000,676000,167725
268,2014-02-04,660000,658000,673000,666000,135734
269,2014-02-05,674000,670000,691000,689000,152309
270,2014-02-06,720000,717000,759000,739000,428072
271,2014-02-07,751000,731000,755000,751000,186951
272,2014-02-10,749000,734000,753000,734000,132548
273,2014-02-11,738000,732000,747000,737000,98646
274,2014-02-12,743000,731000,745000,741000,68665
275,2014-02-13,741000,731000,748000,748000,97347
276,2014-02-14,748000,742000,756000,750000,104309
277,2014-02-17,758000,747000,767000,749000,97916
278,2014-02-18,753000,742000,755000,752000,52034
279,2014-02-19,752000,741000,757000,750000,74998
280,2014-02-20,718000,687000,732000,689000,689602
281,2014-02-21,688000,687000,719000,705000,482903
282,2014-02-24,713000,675000,714000,684000,261609
283,2014-02-25,692000,685000,744000,735000,481506
284,2014-02-26,752000,743000,760000,760000,353521
285,2014-02-27,760000,748000,799000,792000,279006
286,2014-02-28,804000,798000,820000,817000,286484
287,2014-03-03,810000,794000,827000,813000,266398
288,2014-03-04,808000,807000,826000,822000,94149
289,2014-03-05,833000,830000,857000,852000,149905
290,2014-03-06,880000,832000,880000,836000,205735
291,2014-03-07,840000,824000,849000,826000,122436
292,2014-03-10,833000,830000,857000,853000,132318
293,2014-03-11,864000,840000,877000,850000,110850
294,2014-03-12,846000,812000,854000,812000,187692
295,2014-03-13,814000,812000,839000,837000,157489
296,2014-03-14,818000,799000,832000,810000,183126
297,2014-03-17,803000,792000,822000,801000,131136
298,2014-03-18,813000,796000,827000,819000,132649
299,2014-03-19,833000,825000,850000,833000,130911
300,2014-03-20,838000,812000,844000,815000,114445
301,2014-03-21,815000,794000,819000,804000,123767
302,2014-03-24,805000,804000,835000,834000,95084
303,2014-03-25,811000,787000,819000,792000,255123
304,2014-03-26,797000,770000,801000,797000,163658
305,2014-03-27,767000,759000,779000,773000,309056
306,2014-03-28,768000,765000,785000,780000,193305
307,2014-03-31,781000,766000,784000,774000,158323
308,2014-04-01,770000,768000,784000,780000,158804
309,2014-04-02,793000,789000,811000,805000,209329
310,2014-04-03,807000,798000,815000,803000,123499
311,2014-04-04,779000,779000,796000,790000,161559
312,2014-04-07,764000,736000,769000,739000,443232
313,2014-04-08,723000,720000,749000,742000,275706
314,2014-04-09,759000,748000,761000,748000,158217
315,2014-04-10,775000,756000,777000,765000,193150
316,2014-04-11,735000,734000,744000,741000,172831
317,2014-04-14,738000,735000,752000,743000,99708
318,2014-04-15,748000,731000,751000,734000,114950
319,2014-04-16,740000,738000,753000,750000,124110
320,2014-04-17,750000,730000,750000,737000,144491
321,2014-04-18,739000,738000,755000,750000,120779
322,2014-04-21,752000,749000,759000,757000,48567
323,2014-04-22,774000,767000,793000,793000,196086
324,2014-04-23,798000,780000,798000,780000,92763
325,2014-04-24,790000,775000,797000,777000,118003
326,2014-04-25,770000,744000,776000,748000,157838
327,2014-04-28,737000,727000,740000,734000,134655
328,2014-04-29,727000,726000,739000,730000,99445
329,2014-04-30,734000,730000,743000,738000,121174
330,2014-05-02,747000,739000,751000,739000,114257
331,2014-05-07,726000,710000,735000,731000,154821
332,2014-05-08,732000,705000,740000,705000,292020
333,2014-05-09,699000,675000,708000,691000,410148
334,2014-05-12,693000,693000,723000,719000,195021
335,2014-05-13,740000,732000,750000,749000,205812
336,2014-05-14,743000,739000,758000,758000,158199
337,2014-05-15,761000,757000,776000,762000,211820
338,2014-05-16,757000,744000,765000,752000,158975
339,2014-05-19,748000,727000,755000,735000,142060
340,2014-05-20,736000,736000,757000,756000,114076
341,2014-05-21,750000,749000,779000,773000,171725
342,2014-05-22,780000,772000,788000,778000,131424
343,2014-05-23,778000,772000,780000,776000,53916
344,2014-05-26,749000,742000,766000,745000,209440
345,2014-05-27,744000,742000,761000,755000,134968
346,2014-05-28,758000,755000,778000,778000,121774
347,2014-05-29,778000,768000,784000,772000,106209
348,2014-05-30,774000,758000,783000,758000,113376
349,2014-06-02,759000,756000,766000,762000,50439
350,2014-06-03,758000,742000,761000,755000,112910
351,2014-06-05,774000,741000,775000,743000,106172
352,2014-06-09,757000,752000,774000,768000,134714
353,2014-06-10,766000,757000,788000,783000,145162
354,2014-06-11,788000,780000,800000,786000,149648
355,2014-06-12,793000,788000,803000,795000,118596
356,2014-06-13,793000,780000,793000,785000,57578
357,2014-06-16,778000,772000,794000,794000,54346
358,2014-06-17,794000,777000,794000,780000,74952
359,2014-06-18,775000,763000,779000,775000,74605
360,2014-06-19,779000,769000,787000,777000,74778
361,2014-06-20,775000,775000,787000,787000,99910
362,2014-06-23,792000,787000,826000,826000,211054
363,2014-06-24,822000,820000,833000,825000,112720
364,2014-06-25,828000,817000,840000,822000,60800
365,2014-06-26,825000,825000,850000,849000,122850
366,2014-06-27,840000,828000,844000,832000,74199
367,2014-06-30,842000,824000,842000,835000,74129
368,2014-07-01,828000,824000,849000,844000,60261
369,2014-07-02,853000,843000,865000,847000,86204
370,2014-07-03,840000,827000,840000,830000,96000
371,2014-07-04,835000,810000,837000,819000,115476
372,2014-07-07,820000,816000,831000,831000,39327
373,2014-07-08,831000,815000,832000,831000,55028
374,2014-07-09,815000,803000,820000,805000,100753
375,2014-07-10,812000,805000,818000,807000,56395
376,2014-07-11,799000,788000,807000,793000,81023
377,2014-07-14,796000,793000,811000,808000,52160
378,2014-07-15,814000,812000,828000,827000,77728
379,2014-07-16,843000,795000,843000,799000,199405
380,2014-07-17,801000,780000,805000,782000,181944
381,2014-07-18,780000,761000,785000,783000,146542
382,2014-07-21,792000,763000,793000,766000,145569
383,2014-07-22,770000,767000,783000,783000,82320
384,2014-07-23,783000,753000,787000,759000,189601
385,2014-07-24,755000,750000,768000,754000,162223
386,2014-07-25,758000,754000,769000,757000,140486
387,2014-07-28,759000,757000,767000,764000,97017
388,2014-07-29,758000,729000,760000,734000,202253
389,2014-07-30,745000,733000,779000,769000,261185
390,2014-07-31,779000,737000,785000,749000,311071
391,2014-08-01,738000,736000,775000,764000,146637
392,2014-08-04,773000,770000,784000,783000,118708
393,2014-08-05,788000,753000,789000,762000,148673
394,2014-08-06,760000,746000,760000,757000,97729
395,2014-08-07,753000,736000,757000,745000,85897
396,2014-08-08,755000,751000,770000,769000,142744
397,2014-08-11,780000,755000,780000,760000,75513
398,2014-08-12,767000,762000,782000,771000,115761
399,2014-08-13,771000,770000,801000,800000,205384
400,2014-08-14,800000,785000,805000,794000,91178
401,2014-08-18,800000,789000,803000,794000,75004
402,2014-08-19,804000,794000,811000,800000,95305
403,2014-08-20,804000,784000,807000,789000,77670
404,2014-08-21,780000,758000,783000,759000,129827
405,2014-08-22,759000,759000,777000,774000,48959
406,2014-08-25,780000,769000,783000,777000,46589
407,2014-08-26,784000,772000,786000,779000,52850
408,2014-08-27,777000,772000,796000,780000,70426
409,2014-08-28,780000,765000,783000,765000,64869
410,2014-08-29,769000,764000,778000,768000,69184
411,2014-09-01,768000,763000,776000,765000,26696
412,2014-09-02,763000,761000,771000,763000,51547
413,2014-09-03,763000,750000,765000,750000,86429
414,2014-09-04,750000,746000,755000,750000,86155
415,2014-09-05,750000,719000,754000,725000,155529
416,2014-09-11,720000,698000,723000,699000,266115
417,2014-09-12,705000,702000,728000,708000,179026
418,2014-09-15,706000,705000,720000,710000,63734
419,2014-09-16,710000,708000,734000,727000,118741
420,2014-09-17,749000,736000,750000,743000,104565
421,2014-09-18,801000,766000,805000,790000,417288
422,2014-09-19,786000,783000,800000,792000,144178
423,2014-09-22,785000,765000,796000,790000,150178
424,2014-09-23,769000,767000,834000,834000,347351
425,2014-09-24,824000,817000,842000,833000,220027
426,2014-09-25,828000,808000,834000,808000,131697
427,2014-09-26,800000,798000,828000,821000,100326
428,2014-09-29,821000,815000,850000,830000,156267
429,2014-09-30,813000,805000,819000,807000,515075
430,2014-10-01,803000,783000,820000,804000,144274
431,2014-10-02,792000,791000,814000,792000,104218
432,2014-10-06,793000,775000,799000,779000,102026
433,2014-10-07,779000,763000,788000,770000,74280
434,2014-10-08,769000,768000,789000,784000,99421
435,2014-10-10,773000,735000,776000,740000,205304
436,2014-10-13,739000,723000,770000,756000,143556
437,2014-10-14,756000,735000,759000,758000,133571
438,2014-10-15,757000,748000,782000,782000,113563
439,2014-10-16,765000,765000,795000,785000,115895
440,2014-10-17,785000,766000,798000,766000,73099
441,2014-10-20,771000,766000,794000,784000,48156
442,2014-10-21,780000,776000,800000,796000,72054
443,2014-10-22,799000,793000,812000,798000,94322
444,2014-10-23,800000,786000,808000,794000,57991
445,2014-10-24,794000,767000,798000,780000,50995
446,2014-10-27,781000,773000,785000,777000,46736
447,2014-10-28,782000,775000,806000,804000,63796
448,2014-10-29,811000,773000,811000,778000,120100
449,2014-10-30,780000,736000,789000,750000,254595
450,2014-10-31,755000,747000,760000,754000,140379
451,2014-11-03,745000,744000,759000,749000,115640
452,2014-11-04,749000,741000,759000,751000,124990
453,2014-11-05,758000,746000,767000,765000,92243
454,2014-11-06,766000,742000,766000,746000,91563
455,2014-11-07,740000,731000,750000,743000,103613
456,2014-11-10,737000,737000,750000,743000,87479
457,2014-11-11,740000,739000,751000,742000,117817
458,2014-11-12,750000,738000,758000,749000,128975
459,2014-11-13,745000,745000,765000,763000,97441
460,2014-11-14,762000,754000,774000,761000,71797
461,2014-11-17,754000,750000,762000,761000,68779
462,2014-11-18,761000,759000,788000,781000,98698
463,2014-11-19,789000,780000,790000,787000,104763
464,2014-11-20,782000,782000,791000,789000,53442
465,2014-11-21,786000,763000,788000,763000,79582
466,2014-11-24,766000,742000,770000,750000,156481
467,2014-11-25,751000,750000,762000,753000,73558
468,2014-11-26,749000,749000,758000,753000,44541
469,2014-11-27,750000,741000,756000,745000,91984
470,2014-11-28,742000,742000,758000,756000,37003
471,2014-12-01,746000,730000,758000,738000,107284
472,2014-12-02,741000,729000,742000,733000,58226
473,2014-12-03,729000,728000,737000,734000,47945
474,2014-12-04,732000,730000,738000,736000,95206
475,2014-12-05,736000,731000,737000,736000,72699
476,2014-12-08,732000,730000,736000,730000,55735
477,2014-12-09,731000,726000,736000,726000,75223
478,2014-12-10,730000,701000,732000,711000,99553
479,2014-12-11,702000,702000,713000,704000,75232
480,2014-12-12,713000,703000,720000,713000,88672
481,2014-12-15,705000,702000,728000,722000,49522
482,2014-12-16,723000,719000,735000,729000,68565
483,2014-12-17,739000,721000,739000,729000,69486
484,2014-12-18,738000,713000,738000,719000,63678
485,2014-12-19,722000,720000,740000,740000,87071
486,2014-12-22,743000,731000,745000,745000,45345
487,2014-12-23,749000,740000,751000,745000,37646
488,2014-12-24,743000,730000,746000,741000,49504
489,2014-12-26,733000,731000,746000,736000,40835
490,2014-12-29,728000,721000,734000,723000,37568
491,2014-12-30,717000,708000,722000,712000,85390
492,2015-01-02,713000,712000,733000,731000,64225
493,2015-01-05,726000,721000,750000,749000,112572
494,2015-01-06,741000,735000,754000,743000,92315
495,2015-01-07,749000,730000,749000,732000,51987
496,2015-01-08,729000,729000,745000,744000,56392
497,2015-01-09,759000,742000,759000,752000,73987
498,2015-01-12,746000,746000,760000,750000,36733
499,2015-01-13,752000,738000,755000,740000,48928
500,2015-01-14,735000,732000,745000,739000,63850
501,2015-01-15,748000,741000,778000,777000,187236
502,2015-01-16,779000,757000,780000,777000,116659
503,2015-01-19,780000,773000,784000,776000,91305
504,2015-01-20,780000,780000,797000,790000,101343
505,2015-01-21,782000,768000,789000,780000,71564
506,2015-01-22,783000,762000,789000,765000,83439
507,2015-01-23,775000,760000,780000,780000,99297
508,2015-01-26,775000,768000,779000,771000,69003
509,2015-01-27,774000,761000,775000,764000,84489
510,2015-01-28,760000,760000,780000,777000,123220
511,2015-01-29,760000,731000,762000,736000,278475
512,2015-01-30,725000,711000,730000,716000,300061
513,2015-02-02,716000,707000,723000,711000,112994
514,2015-02-03,711000,705000,717000,712000,121641
515,2015-02-04,716000,715000,727000,725000,131353
516,2015-02-05,722000,710000,725000,712000,77889
517,2015-02-06,711000,708000,721000,715000,76000
518,2015-02-09,715000,680000,715000,681000,214231
519,2015-02-10,670000,639000,678000,648000,370269
520,2015-02-11,660000,653000,677000,673000,192828
521,2015-02-12,680000,656000,680000,680000,114927
522,2015-02-13,675000,666000,692000,668000,99818
523,2015-02-16,666000,665000,676000,669000,55533
524,2015-02-17,666000,666000,675000,671000,35224
525,2015-02-23,668000,632000,672000,639000,291781
526,2015-02-24,637000,635000,647000,637000,142951
527,2015-02-25,639000,633000,644000,641000,146624
528,2015-02-26,636000,626000,641000,626000,174743
529,2015-02-27,623000,623000,668000,661000,266350
530,2015-03-02,662000,641000,667000,646000,150448
531,2015-03-03,653000,646000,659000,650000,104024
532,2015-03-04,649000,639000,682000,680000,268490
533,2015-03-05,679000,675000,701000,689000,168193
534,2015-03-06,692000,672000,694000,680000,92392
535,2015-03-09,669000,652000,674000,653000,128196
536,2015-03-10,652000,641000,659000,641000,111598
537,2015-03-11,639000,629000,646000,629000,174115
538,2015-03-12,633000,627000,645000,627000,184540
539,2015-03-13,645000,640000,653000,650000,157276
540,2015-03-16,653000,637000,653000,643000,125723
541,2015-03-17,649000,644000,663000,660000,121724
542,2015-03-18,658000,650000,666000,654000,110917
543,2015-03-19,661000,641000,662000,641000,120392
544,2015-03-20,643000,643000,654000,654000,90524
545,2015-03-23,660000,657000,681000,680000,166177
546,2015-03-24,685000,667000,685000,675000,88051
547,2015-03-25,684000,669000,685000,670000,74720
548,2015-03-26,670000,660000,675000,661000,95061
549,2015-03-27,671000,662000,673000,672000,101438
550,2015-03-30,685000,673000,692000,681000,88928
551,2015-03-31,690000,669000,691000,671000,90718
552,2015-04-01,672000,661000,675000,667000,75195
553,2015-04-02,664000,624000,669000,642000,481098
554,2015-04-03,638000,632000,649000,647000,138584
555,2015-04-06,648000,634000,653000,635000,91250
556,2015-04-07,641000,637000,645000,639000,68519
557,2015-04-08,643000,640000,647000,645000,121290
558,2015-04-09,645000,643000,669000,653000,176334
559,2015-04-10,655000,647000,662000,650000,119993
560,2015-04-13,646000,643000,655000,652000,94748
561,2015-04-14,652000,651000,668000,667000,126276
562,2015-04-15,669000,665000,672000,671000,85277
563,2015-04-16,674000,662000,675000,673000,96797
564,2015-04-17,675000,667000,677000,669000,100653
565,2015-04-20,661000,661000,672000,666000,87557
566,2015-04-21,669000,653000,670000,669000,118397
567,2015-04-22,679000,669000,679000,674000,142551
568,2015-04-23,680000,667000,685000,682000,126074
569,2015-04-24,678000,659000,685000,667000,109127
570,2015-04-27,673000,667000,688000,684000,204139
571,2015-04-28,690000,682000,690000,686000,133770
572,2015-04-29,683000,674000,689000,679000,163567
573,2015-04-30,670000,647000,682000,650000,319618
574,2015-05-04,643000,603000,649000,603000,391501
575,2015-05-06,601000,596000,616000,613000,296941
576,2015-05-07,613000,604000,617000,611000,137775
577,2015-05-08,608000,608000,620000,609000,88637
578,2015-05-11,610000,603000,614000,606000,84927
579,2015-05-12,600000,598000,611000,605000,89531
580,2015-05-13,604000,600000,606000,604000,80931
581,2015-05-14,601000,601000,610000,607000,61571
582,2015-05-15,610000,606000,612000,610000,62315
583,2015-05-18,614000,612000,621000,618000,103829
584,2015-05-19,623000,617000,628000,626000,103452
585,2015-05-20,634000,615000,634000,616000,67023
586,2015-05-21,608000,595000,615000,607000,161664
587,2015-05-22,607000,607000,627000,627000,80822
588,2015-05-26,635000,617000,636000,621000,72668
589,2015-05-27,618000,601000,618000,608000,119610
590,2015-05-28,613000,605000,617000,605000,75639
591,2015-05-29,604000,604000,629000,609000,156606
592,2015-06-01,611000,609000,621000,617000,80518
593,2015-06-02,622000,608000,623000,611000,71107
594,2015-06-03,620000,601000,620000,601000,65980
595,2015-06-04,602000,580000,605000,580000,175738
596,2015-06-05,569000,565000,583000,565000,168778
597,2015-06-08,571000,568000,594000,587000,116540
598,2015-06-09,590000,577000,595000,590000,126185
599,2015-06-10,599000,568000,599000,568000,89547
600,2015-06-11,575000,566000,589000,566000,230670
601,2015-06-12,574000,573000,603000,601000,247231
602,2015-06-15,607000,607000,628000,627000,330737
603,2015-06-16,628000,616000,634000,627000,157110
604,2015-06-17,621000,620000,637000,630000,111569
605,2015-06-18,638000,622000,639000,624000,73362
606,2015-06-19,625000,615000,635000,634000,69782
607,2015-06-22,638000,625000,642000,631000,42431
608,2015-06-23,635000,629000,640000,640000,46207
609,2015-06-24,657000,644000,658000,649000,94340
610,2015-06-25,652000,641000,656000,653000,101920
611,2015-06-26,656000,650000,671000,658000,134720
612,2015-06-29,650000,641000,656000,651000,66527
613,2015-06-30,644000,627000,649000,634000,117991
614,2015-07-01,628000,603000,631000,628000,231947
615,2015-07-02,629000,613000,629000,615000,136739
616,2015-07-03,621000,608000,624000,613000,83435
617,2015-07-06,605000,605000,621000,616000,72393
618,2015-07-07,627000,610000,627000,613000,81664
619,2015-07-08,615000,609000,638000,619000,135080
620,2015-07-09,612000,594000,615000,610000,94778
621,2015-07-10,618000,603000,618000,612000,56521
622,2015-07-13,612000,609000,621000,614000,40453
623,2015-07-14,616000,610000,619000,614000,43411
624,2015-07-15,614000,605000,615000,605000,57546
625,2015-07-16,605000,605000,624000,607000,101006
626,2015-07-17,618000,612000,638000,632000,207536
627,2015-07-20,647000,634000,657000,638000,122608
628,2015-07-21,649000,641000,652000,649000,64432
629,2015-07-22,643000,629000,644000,635000,89075
630,2015-07-23,634000,617000,635000,622000,74172
631,2015-07-24,620000,613000,627000,625000,77265
632,2015-07-27,625000,606000,625000,611000,73090
633,2015-07-28,609000,601000,613000,610000,84122
634,2015-07-29,605000,600000,610000,602000,108588
635,2015-07-30,572000,510000,572000,518000,743728
636,2015-07-31,508000,505000,524000,523000,275526
637,2015-08-03,520000,517000,525000,520000,125078
638,2015-08-04,520000,518000,527000,526000,107729
639,2015-08-05,531000,518000,531000,525000,115109
640,2015-08-06,526000,515000,527000,516000,168144
641,2015-08-07,515000,500000,519000,501000,254547
642,2015-08-10,507000,503000,515000,511000,122165
643,2015-08-11,521000,516000,530000,523000,118707
644,2015-08-12,522000,517000,534000,528000,153266
645,2015-08-13,516000,512000,525000,519000,117041
646,2015-08-17,513000,510000,520000,510000,76310
647,2015-08-18,512000,511000,525000,522000,94196
648,2015-08-19,516000,516000,527000,524000,128122
649,2015-08-20,535000,519000,538000,521000,100228
650,2015-08-21,525000,507000,526000,516000,97576
651,2015-08-24,506000,495500,515000,500000,124043
652,2015-08-25,497000,482000,502000,491500,191766
653,2015-08-26,490000,484000,503000,489000,209874
654,2015-08-27,495500,486500,502000,487500,146915
655,2015-08-28,491500,480500,496500,488000,191470
656,2015-08-31,487500,471000,495500,495500,179390
657,2015-09-01,495500,475000,501000,476000,137711
658,2015-09-02,470500,462000,473500,466000,160619
659,2015-09-03,466000,466000,480000,470500,158907
660,2015-09-04,470500,466500,481500,469500,99010
661,2015-09-07,473000,466000,476000,474500,86443
662,2015-09-08,475500,458000,478000,461500,97346
663,2015-09-09,467000,467000,502000,501000,167247
664,2015-09-10,490000,490000,502000,500000,151685
665,2015-09-11,493000,485500,495500,488500,97766
666,2015-09-14,490000,468000,490500,476000,148250
667,2015-09-15,475000,468000,479500,470500,123370
668,2015-09-16,472000,468500,481500,481500,130713
669,2015-09-17,484000,483500,515000,510000,226216
670,2015-09-18,515000,498500,518000,509000,99472
671,2015-09-21,509000,499500,509000,500000,49726
672,2015-09-22,505000,494500,508000,496000,78927
673,2015-09-23,491500,488500,518000,505000,198201
674,2015-09-24,512000,503000,516000,506000,113153
675,2015-09-25,507000,499500,512000,508000,44307
676,2015-09-30,515000,500000,515000,513000,130548
677,2015-10-01,518000,513000,546000,546000,200898
678,2015-10-02,550000,535000,551000,550000,140588
679,2015-10-05,549000,537000,563000,543000,107172
680,2015-10-06,545000,542000,558000,556000,118545
681,2015-10-07,561000,550000,561000,558000,110751
682,2015-10-08,567000,547000,569000,561000,96144
683,2015-10-12,576000,550000,583000,574000,166198
684,2015-10-13,578000,568000,579000,579000,78797
685,2015-10-14,577000,561000,577000,562000,79743
686,2015-10-15,562000,560000,573000,569000,65926
687,2015-10-16,574000,571000,587000,587000,96505
688,2015-10-19,588000,572000,588000,584000,87213
689,2015-10-20,578000,573000,585000,578000,76475
690,2015-10-21,580000,572000,580000,575000,81612
691,2015-10-22,569000,547000,572000,547000,124372
692,2015-10-23,552000,551000,574000,571000,120825
693,2015-10-26,574000,548000,584000,562000,148900
694,2015-10-27,547000,547000,564000,564000,67455
695,2015-10-28,561000,542000,577000,577000,117682
696,2015-10-29,600000,588000,617000,592000,236647
697,2015-10-30,592000,576000,607000,600000,191054
698,2015-11-02,600000,597000,607000,603000,103645
699,2015-11-03,607000,600000,619000,619000,116881
700,2015-11-04,625000,616000,628000,626000,130717
701,2015-11-05,623000,619000,635000,629000,74342
702,2015-11-06,621000,620000,631000,630000,47733
703,2015-11-09,633000,624000,636000,634000,69266
704,2015-11-10,634000,607000,634000,618000,111953
705,2015-11-11,620000,613000,630000,625000,72445
706,2015-11-12,622000,617000,628000,620000,51223
707,2015-11-13,611000,599000,616000,606000,79453
708,2015-11-16,590000,589000,602000,592000,110336
709,2015-11-17,596000,596000,608000,599000,72457
710,2015-11-18,599000,594000,604000,600000,40143
711,2015-11-19,601000,594000,609000,609000,58688
712,2015-11-20,616000,610000,629000,627000,72507
713,2015-11-23,627000,616000,629000,624000,57656
714,2015-11-24,625000,619000,633000,621000,62079
715,2015-11-25,620000,616000,633000,630000,60328
716,2015-11-26,630000,623000,635000,633000,55020
717,2015-11-27,627000,627000,647000,632000,63802
718,2015-11-30,633000,620000,636000,631000,137122
719,2015-12-01,635000,632000,649000,647000,60670
720,2015-12-02,644000,636000,651000,639000,74574
721,2015-12-03,648000,627000,649000,633000,46391
722,2015-12-04,628000,613000,630000,625000,78208
723,2015-12-07,627000,608000,634000,608000,108353
724,2015-12-08,609000,609000,621000,613000,74051
725,2015-12-09,610000,610000,620000,612000,78660
726,2015-12-10,606000,604000,623000,618000,83127
727,2015-12-11,613000,613000,640000,640000,77560
728,2015-12-14,634000,628000,640000,633000,72465
729,2015-12-15,646000,635000,648000,643000,67405
730,2015-12-16,649000,645000,652000,646000,77097
731,2015-12-17,654000,646000,659000,653000,70546
732,2015-12-18,649000,636000,653000,640000,49587
733,2015-12-21,645000,642000,652000,648000,52789
734,2015-12-22,646000,637000,654000,653000,46151
735,2015-12-23,653000,645000,654000,653000,41170
736,2015-12-24,649000,646000,654000,647000,32816
737,2015-12-28,647000,638000,650000,641000,47511
738,2015-12-29,649000,631000,649000,642000,50648
739,2015-12-30,642000,639000,668000,658000,64215
740,2016-01-04,650000,632000,658000,632000,93272
741,2016-01-05,633000,631000,642000,637000,69456
742,2016-01-06,645000,622000,645000,623000,95682
743,2016-01-07,626000,626000,660000,652000,125253
744,2016-01-08,652000,642000,659000,652000,63922
745,2016-01-11,645000,626000,651000,628000,88620
746,2016-01-12,636000,632000,654000,650000,78010
747,2016-01-13,656000,643000,657000,649000,92220
748,2016-01-14,642000,640000,659000,651000,85824
749,2016-01-15,662000,658000,673000,670000,128415
750,2016-01-18,663000,663000,687000,687000,140601
751,2016-01-19,683000,664000,684000,670000,144586
752,2016-01-20,670000,651000,673000,664000,95351
753,2016-01-21,656000,631000,657000,639000,135186
754,2016-01-22,650000,640000,668000,668000,91200
755,2016-01-25,668000,657000,677000,673000,61255
756,2016-01-26,675000,671000,681000,680000,56078
757,2016-01-27,687000,666000,687000,674000,66471
758,2016-01-28,642000,621000,650000,631000,277566
759,2016-01-29,627000,605000,631000,628000,269400
760,2016-02-01,622000,608000,629000,613000,144528
761,2016-02-02,611000,592000,618000,600000,223453
762,2016-02-03,593000,593000,606000,601000,94740
763,2016-02-04,606000,594000,607000,602000,87070
764,2016-02-05,600000,596000,605000,599000,55313
765,2016-02-11,589000,563000,589000,563000,184341
766,2016-02-12,555000,544000,566000,556000,198082
767,2016-02-15,561000,548000,567000,556000,146518
768,2016-02-16,553000,553000,580000,575000,123943
769,2016-02-17,578000,574000,587000,575000,158463
770,2016-02-18,578000,576000,588000,582000,83228
771,2016-02-19,579000,568000,582000,573000,76728
772,2016-02-22,575000,565000,581000,565000,86272
773,2016-02-23,569000,568000,587000,584000,111857
774,2016-02-24,583000,572000,584000,580000,71221
775,2016-02-25,581000,578000,589000,582000,57095
776,2016-02-26,581000,575000,586000,580000,45972
777,2016-02-29,580000,570000,585000,572000,78709
778,2016-03-02,584000,581000,612000,609000,119099
779,2016-03-03,615000,602000,615000,610000,74873
780,2016-03-04,615000,604000,621000,613000,66116
781,2016-03-07,615000,599000,619000,599000,75885
782,2016-03-08,588000,588000,612000,604000,49925
783,2016-03-09,601000,600000,610000,608000,37660
784,2016-03-10,608000,602000,644000,635000,136851
785,2016-03-11,638000,631000,649000,636000,108114
786,2016-03-14,641000,625000,642000,635000,52825
787,2016-03-15,635000,632000,648000,641000,51664
788,2016-03-16,644000,635000,647000,640000,41993
789,2016-03-17,649000,630000,649000,636000,79516
790,2016-03-18,633000,630000,642000,639000,59518
791,2016-03-21,634000,633000,648000,642000,63761
792,2016-03-22,641000,639000,654000,649000,99260
793,2016-03-23,650000,627000,652000,634000,94009
794,2016-03-24,638000,621000,642000,624000,73071
795,2016-03-25,624000,611000,629000,613000,104353
796,2016-03-28,616000,615000,628000,617000,54766
797,2016-03-29,617000,616000,640000,640000,71050
798,2016-03-30,649000,632000,649000,637000,89180
799,2016-03-31,645000,633000,646000,637000,107783
800,2016-04-01,645000,624000,645000,628000,62556
801,2016-04-04,632000,632000,651000,651000,108339
802,2016-04-05,650000,648000,653000,652000,92265
803,2016-04-06,645000,642000,651000,649000,84628
804,2016-04-07,651000,649000,677000,675000,141392
805,2016-04-08,667000,660000,670000,663000,72693
806,2016-04-11,663000,656000,670000,664000,59360
807,2016-04-12,666000,660000,672000,670000,55658
808,2016-04-14,690000,668000,691000,673000,89049
809,2016-04-15,672000,668000,677000,673000,80228
810,2016-04-18,668000,657000,672000,661000,74941
811,2016-04-19,661000,661000,672000,669000,90281
812,2016-04-20,666000,651000,668000,654000,92783
813,2016-04-21,660000,656000,667000,667000,82414
814,2016-04-22,660000,657000,665000,663000,38974
815,2016-04-25,662000,655000,665000,662000,71124
816,2016-04-26,663000,649000,672000,654000,157920
817,2016-04-27,648000,640000,665000,665000,80668
818,2016-04-28,691000,646000,691000,659000,228211
819,2016-04-29,668000,666000,681000,677000,181733
820,2016-05-02,679000,667000,680000,678000,57779
821,2016-05-03,682000,675000,682000,676000,68780
822,2016-05-04,679000,670000,683000,680000,139450
823,2016-05-09,699000,687000,705000,700000,202321
824,2016-05-10,708000,695000,714000,707000,106455
825,2016-05-11,700000,690000,702000,693000,88336
826,2016-05-12,695000,676000,697000,676000,67686
827,2016-05-13,675000,668000,687000,677000,92573
828,2016-05-16,671000,671000,695000,692000,64530
829,2016-05-17,691000,686000,694000,694000,68326
830,2016-05-18,694000,682000,698000,698000,175078
831,2016-05-19,687000,687000,701000,701000,50218
832,2016-05-20,708000,682000,710000,688000,76520
833,2016-05-23,690000,673000,690000,690000,57779
834,2016-05-24,690000,686000,703000,694000,55240
835,2016-05-25,701000,695000,709000,704000,92645
836,2016-05-26,704000,699000,709000,703000,45223
837,2016-05-27,705000,695000,706000,700000,45014
838,2016-05-30,705000,702000,712000,710000,82852
839,2016-05-31,710000,706000,720000,720000,115867
840,2016-06-01,700000,666000,701000,687000,336227
841,2016-06-02,694000,691000,713000,697000,101813
842,2016-06-03,702000,695000,708000,707000,87753
843,2016-06-07,728000,705000,729000,707000,99661
844,2016-06-08,709000,708000,725000,722000,111238
845,2016-06-09,731000,712000,733000,720000,134568
846,2016-06-10,731000,717000,733000,720000,95001
847,2016-06-13,714000,686000,714000,697000,160118
848,2016-06-14,689000,679000,702000,697000,130979
849,2016-06-15,704000,692000,709000,697000,70465
850,2016-06-16,691000,691000,701000,701000,59844
851,2016-06-17,701000,688000,702000,689000,73560
852,2016-06-20,697000,684000,697000,692000,61510
853,2016-06-21,694000,688000,698000,697000,61540
854,2016-06-22,699000,699000,730000,730000,201087
855,2016-06-23,733000,732000,760000,747000,226122
856,2016-06-24,745000,721000,759000,739000,173581
857,2016-06-27,728000,706000,730000,710000,234896
858,2016-06-28,701000,700000,719000,719000,154017
859,2016-06-29,715000,713000,724000,713000,148394
860,2016-06-30,710000,707000,717000,710000,153533
861,2016-07-01,713000,713000,723000,713000,76569
862,2016-07-04,716000,712000,729000,727000,117837
863,2016-07-05,730000,730000,756000,750000,127066
864,2016-07-06,750000,730000,750000,745000,122446
865,2016-07-07,752000,748000,770000,753000,68516
866,2016-07-08,751000,748000,756000,750000,73753
867,2016-07-11,745000,743000,758000,754000,108205
868,2016-07-12,759000,748000,768000,755000,127011
869,2016-07-13,760000,748000,768000,758000,155150
870,2016-07-14,751000,734000,754000,734000,165410
871,2016-07-15,750000,706000,753000,716000,306084
872,2016-07-18,717000,706000,718000,712000,150928
873,2016-07-19,718000,707000,721000,718000,110798
874,2016-07-20,715000,691000,717000,695000,201850
875,2016-07-21,698000,697000,706000,704000,108311
876,2016-07-22,706000,704000,712000,705000,90330
877,2016-07-25,708000,708000,714000,710000,51417
878,2016-07-26,711000,702000,714000,710000,57867
879,2016-07-27,710000,710000,718000,712000,58607
880,2016-07-28,717000,707000,719000,710000,98214
881,2016-07-29,710000,708000,717000,710000,106351
882,2016-08-01,711000,678000,713000,701000,145886
883,2016-08-02,701000,699000,715000,713000,48938
884,2016-08-03,710000,702000,713000,705000,49681
885,2016-08-04,713000,701000,714000,707000,51248
886,2016-08-05,711000,705000,725000,723000,55159
887,2016-08-08,728000,727000,749000,749000,116945
888,2016-08-09,754000,750000,757000,755000,168810
889,2016-08-10,765000,759000,776000,775000,160412
890,2016-08-11,779000,769000,779000,778000,76227
891,2016-08-12,777000,777000,784000,782000,51184
892,2016-08-16,784000,783000,798000,790000,112935
893,2016-08-17,775000,775000,792000,790000,69851
894,2016-08-18,792000,790000,801000,801000,92495
895,2016-08-19,807000,798000,811000,805000,137384
896,2016-08-22,800000,793000,803000,795000,80005
897,2016-08-23,801000,795000,808000,806000,69435
898,2016-08-24,807000,800000,814000,812000,71904
899,2016-08-25,812000,802000,812000,804000,96952
900,2016-08-26,796000,796000,809000,805000,75008
901,2016-08-29,806000,800000,819000,810000,84039
902,2016-08-30,811000,805000,821000,821000,70624
903,2016-08-31,843000,827000,850000,845000,158267
904,2016-09-01,845000,819000,847000,829000,90304
905,2016-09-02,833000,822000,835000,831000,65593
906,2016-09-05,842000,842000,855000,850000,51800
907,2016-09-06,858000,833000,875000,843000,120907
908,2016-09-07,843000,838000,874000,872000,87219
909,2016-09-08,869000,851000,872000,869000,78393
910,2016-09-09,852000,841000,860000,847000,83335
911,2016-09-12,835000,831000,843000,840000,69512
912,2016-09-13,850000,833000,851000,841000,69669
913,2016-09-19,853000,845000,870000,856000,117354
914,2016-09-20,858000,835000,867000,836000,109454
915,2016-09-21,836000,836000,864000,855000,108756
916,2016-09-22,867000,855000,874000,873000,112398
917,2016-09-23,882000,861000,882000,878000,74094
918,2016-09-26,879000,869000,884000,876000,42051
919,2016-09-27,876000,866000,890000,884000,80703
920,2016-09-28,886000,884000,895000,887000,54783
921,2016-09-29,890000,887000,903000,900000,77187
922,2016-09-30,886000,859000,888000,883000,172513
923,2016-10-04,883000,850000,884000,858000,109200
924,2016-10-05,853000,851000,875000,867000,66523
925,2016-10-06,869000,852000,874000,861000,54843
926,2016-10-07,860000,834000,861000,843000,75928
927,2016-10-10,853000,848000,880000,872000,69249
928,2016-10-11,888000,853000,894000,862000,70122
929,2016-10-12,870000,862000,880000,864000,64084
930,2016-10-13,859000,827000,863000,827000,96099
931,2016-10-14,831000,831000,849000,844000,56239
932,2016-10-17,842000,833000,857000,851000,77721
933,2016-10-18,854000,838000,858000,846000,81061
934,2016-10-19,841000,823000,845000,829000,85601
935,2016-10-20,830000,826000,845000,844000,116179
936,2016-10-21,838000,829000,840000,831000,60552
937,2016-10-24,826000,826000,836000,833000,135275
938,2016-10-25,825000,825000,843000,837000,86741
939,2016-10-26,827000,827000,852000,848000,71085
940,2016-10-27,863000,853000,883000,859000,178398
941,2016-10-28,871000,855000,876000,860000,80422
942,2016-10-31,858000,847000,866000,857000,66212
943,2016-11-01,860000,832000,860000,847000,224653
944,2016-11-02,849000,823000,850000,826000,85366
945,2016-11-03,826000,812000,826000,812000,68345
946,2016-11-04,808000,785000,810000,789000,102475
947,2016-11-07,798000,795000,829000,820000,99899
948,2016-11-08,829000,811000,838000,815000,62904
949,2016-11-09,826000,784000,827000,805000,124375
950,2016-11-10,816000,801000,819000,806000,82529
951,2016-11-11,781000,757000,790000,760000,214331
952,2016-11-14,760000,746000,779000,746000,139465
953,2016-11-15,746000,739000,762000,744000,133064
954,2016-11-16,751000,741000,759000,751000,154996
955,2016-11-17,748000,743000,755000,745000,99389
956,2016-11-18,760000,750000,773000,771000,144474
957,2016-11-21,771000,759000,799000,786000,147242
958,2016-11-22,788000,787000,813000,810000,105354
959,2016-11-23,795000,792000,809000,795000,75510
960,2016-11-24,789000,783000,805000,802000,70341
961,2016-11-25,810000,802000,817000,805000,124784
962,2016-11-28,802000,792000,815000,808000,76152
963,2016-11-29,802000,801000,815000,801000,56621
964,2016-11-30,802000,786000,810000,798000,168587
965,2016-12-01,790000,764000,798000,764000,103862
966,2016-12-02,777000,754000,777000,755000,79960
967,2016-12-05,749000,744000,769000,764000,82134
968,2016-12-06,774000,750000,778000,756000,98542
969,2016-12-07,757000,749000,762000,750000,52901
970,2016-12-08,756000,756000,804000,804000,134987
971,2016-12-09,804000,796000,814000,800000,82302
972,2016-12-12,804000,788000,808000,792000,60521
973,2016-12-13,794000,782000,795000,786000,60797
974,2016-12-14,793000,781000,796000,785000,52767
975,2016-12-15,785000,784000,794000,786000,83964
976,2016-12-16,797000,789000,806000,806000,100221
977,2016-12-19,801000,796000,806000,800000,47789
978,2016-12-20,800000,785000,802000,787000,65614
979,2016-12-21,795000,779000,797000,779000,44194
980,2016-12-22,779000,767000,786000,773000,78677
981,2016-12-23,771000,762000,777000,768000,53375
982,2016-12-26,766000,765000,773000,765000,20665
983,2016-12-27,766000,763000,773000,772000,31962
984,2016-12-28,785000,763000,785000,763000,57737
985,2016-12-29,758000,754000,777000,775000,56324
986,2017-01-02,778000,775000,787000,777000,30777
987,2017-01-03,777000,767000,777000,767000,51766
988,2017-01-04,775000,771000,810000,810000,120359
989,2017-01-05,810000,791000,810000,791000,68724
990,2017-01-06,791000,786000,801000,799000,50269
991,2017-01-09,791000,777000,799000,779000,76688
992,2017-01-10,787000,779000,793000,792000,47372
993,2017-01-11,786000,786000,802000,796000,48742
994,2017-01-12,799000,796000,815000,802000,56389
995,2017-01-13,802000,787000,805000,790000,68231
996,2017-01-16,792000,774000,801000,794000,55042
997,2017-01-17,787000,782000,797000,795000,50942
998,2017-01-18,800000,787000,800000,788000,55176
999,2017-01-19,787000,787000,806000,801000,67811
1000,2017-01-20,797000,785000,798000,785000,73435
1001,2017-01-23,778000,763000,779000,771000,90668
1002,2017-01-24,771000,760000,771000,761000,106880
1003,2017-01-25,763000,760000,768000,763000,119005
1004,2017-01-26,751000,736000,763000,753000,274419
1005,2017-01-31,750000,743000,767000,758000,127610
1006,2017-02-01,761000,760000,774000,771000,92541
1007,2017-02-02,776000,770000,780000,772000,121050
1008,2017-02-03,770000,767000,776000,774000,142414
1009,2017-02-06,781000,772000,781000,779000,127029
1010,2017-02-07,778000,775000,802000,800000,135111
1011,2017-02-08,799000,791000,799000,795000,77643
1012,2017-02-09,788000,783000,796000,787000,102023
1013,2017-02-10,795000,787000,795000,795000,67489
1014,2017-02-13,800000,788000,803000,795000,59380
1015,2017-02-14,785000,766000,790000,770000,119907
1016,2017-02-15,769000,768000,777000,773000,66435
1017,2017-02-16,770000,769000,777000,777000,73821
1018,2017-02-17,773000,772000,785000,780000,104341
1019,2017-02-20,773000,772000,784000,781000,75042
1020,2017-02-21,778000,776000,793000,790000,115574
1021,2017-02-22,788000,786000,800000,797000,107372
1022,2017-02-23,805000,804000,815000,808000,96955
1023,2017-02-24,803000,793000,807000,803000,77173
1024,2017-02-27,800000,792000,807000,796000,33895
1025,2017-02-28,794000,776000,800000,776000,97398
1026,2017-03-02,799000,790000,819000,815000,150962
1027,2017-03-03,816000,794000,839000,809000,98302
1028,2017-03-06,810000,795000,817000,800000,57995
1029,2017-03-07,800000,794000,806000,799000,48316
1030,2017-03-08,798000,791000,807000,800000,56378
1031,2017-03-09,801000,789000,806000,789000,75785
1032,2017-03-10,789000,783000,802000,800000,48907
1033,2017-03-13,800000,799000,833000,826000,83464
1034,2017-03-14,827000,811000,833000,815000,94487
1035,2017-03-15,817000,810000,826000,820000,40787
1036,2017-03-16,834000,817000,835000,819000,53315
1037,2017-03-17,825000,819000,833000,827000,59069
1038,2017-03-20,830000,810000,830000,818000,59293
1039,2017-03-21,828000,825000,872000,871000,150195
1040,2017-03-22,870000,846000,871000,849000,79212
1041,2017-03-23,860000,851000,872000,864000,80062
1042,2017-03-24,864000,864000,880000,872000,55786
1043,2017-03-27,865000,865000,892000,885000,60459
1044,2017-03-28,885000,851000,886000,853000,82475
1045,2017-03-29,859000,854000,865000,864000,58716
1046,2017-03-30,865000,856000,874000,861000,57075
1047,2017-03-31,861000,854000,870000,855000,50026
1048,2017-04-03,855000,843000,878000,873000,54884
1049,2017-04-04,868000,846000,869000,850000,59594
1050,2017-04-05,857000,835000,859000,843000,99674
1051,2017-04-06,838000,826000,840000,840000,72103
1052,2017-04-07,837000,825000,842000,828000,57671
1053,2017-04-10,823000,811000,828000,818000,71406
1054,2017-04-11,810000,767000,811000,770000,263066
1055,2017-04-12,773000,757000,777000,768000,205449
1056,2017-04-13,773000,770000,803000,802000,173040
1057,2017-04-14,798000,786000,811000,787000,59789
1058,2017-04-17,780000,773000,793000,785000,55583
1059,2017-04-18,791000,777000,791000,778000,54222
1060,2017-04-19,778000,777000,785000,777000,82834
1061,2017-04-20,785000,781000,800000,796000,98297
1062,2017-04-21,801000,796000,813000,813000,85913
1063,2017-04-24,811000,805000,813000,810000,86866
1064,2017-04-25,815000,803000,815000,815000,151351
1065,2017-04-26,815000,804000,816000,807000,161105
1066,2017-04-27,796000,785000,800000,791000,169134
1067,2017-04-28,791000,791000,803000,800000,112573
1068,2017-05-02,800000,790000,807000,801000,108742
1069,2017-05-04,806000,803000,823000,823000,88182
1070,2017-05-08,823000,815000,845000,845000,133891
1071,2017-05-10,859000,823000,878000,824000,141076
1072,2017-05-11,841000,837000,866000,866000,174898
1073,2017-05-12,864000,842000,865000,848000,76597
1074,2017-05-15,853000,834000,854000,839000,47526
1075,2017-05-16,839000,830000,850000,839000,54957
1076,2017-05-17,835000,829000,838000,832000,73344
1077,2017-05-18,829000,817000,832000,824000,58999
1078,2017-05-19,822000,822000,833000,832000,125157
1079,2017-05-22,848000,834000,848000,847000,70139
1080,2017-05-23,846000,838000,850000,842000,74596
1081,2017-05-24,850000,842000,855000,852000,91609
1082,2017-05-25,855000,848000,858000,852000,66807
1083,2017-05-26,860000,854000,863000,855000,61658
1084,2017-05-29,860000,852000,864000,856000,45405
1085,2017-05-30,856000,845000,859000,852000,67161
1086,2017-05-31,849000,843000,864000,845000,95528
1087,2017-06-01,850000,842000,860000,842000,55107
1088,2017-06-02,843000,843000,864000,864000,68640
1089,2017-06-05,854000,854000,887000,876000,104348
1090,2017-06-07,876000,871000,888000,876000,84108
1091,2017-06-08,885000,877000,893000,890000,105056
1092,2017-06-09,895000,894000,975000,960000,183462
1093,2017-06-12,926000,895000,933000,895000,198383
1094,2017-06-13,895000,891000,919000,895000,112622
1095,2017-06-14,898000,875000,914000,883000,133198
1096,2017-06-15,880000,879000,896000,885000,76874
1097,2017-06-16,889000,873000,892000,892000,96765
1098,2017-06-19,887000,876000,898000,878000,63532
1099,2017-06-20,892000,864000,893000,866000,83933
1100,2017-06-21,857000,832000,881000,880000,97753
1101,2017-06-22,878000,871000,888000,880000,59325
1102,2017-06-23,884000,875000,896000,887000,61621
1103,2017-06-26,891000,881000,903000,888000,58948
1104,2017-06-27,890000,866000,902000,869000,686346
1105,2017-06-28,858000,851000,865000,861000,101311
1106,2017-06-29,864000,851000,868000,853000,72186
1107,2017-06-30,845000,835000,850000,838000,111979
1108,2017-07-03,844000,833000,850000,844000,64145
1109,2017-07-04,840000,837000,847000,840000,44926
1110,2017-07-05,837000,831000,840000,835000,65120
1111,2017-07-06,834000,818000,835000,825000,108236
1112,2017-07-07,825000,822000,841000,838000,93149
1113,2017-07-10,829000,813000,834000,813000,94323
1114,2017-07-11,813000,813000,835000,830000,82714
1115,2017-07-12,831000,815000,839000,821000,70912
1116,2017-07-13,817000,817000,837000,830000,91884
1117,2017-07-14,829000,826000,839000,839000,98662
1118,2017-07-17,840000,835000,844000,839000,84952
1119,2017-07-18,841000,826000,844000,830000,63292
1120,2017-07-19,831000,830000,842000,835000,69438
1121,2017-07-20,833000,827000,842000,835000,63638
1122,2017-07-21,832000,832000,840000,839000,60799
1123,2017-07-24,837000,821000,838000,833000,68561
1124,2017-07-25,834000,824000,838000,837000,65990
1125,2017-07-26,840000,819000,841000,825000,82343
1126,2017-07-27,820000,819000,829000,825000,70479
1127,2017-07-28,821000,799000,824000,799000,125875
1128,2017-07-31,799000,786000,808000,803000,87685
1129,2017-08-01,794000,790000,802000,796000,82928
1130,2017-08-02,792000,791000,800000,795000,83691
1131,2017-08-03,794000,775000,798000,778000,134930
1132,2017-08-04,779000,776000,785000,776000,67353
1133,2017-08-07,777000,768000,803000,796000,148923
1134,2017-08-08,801000,800000,816000,810000,104049
1135,2017-08-09,798000,797000,807000,798000,51973
1136,2017-08-10,794000,791000,802000,794000,73502
1137,2017-08-11,781000,780000,798000,795000,53942
1138,2017-08-14,807000,776000,807000,779000,79397
1139,2017-08-16,780000,779000,790000,787000,69817
1140,2017-08-17,781000,776000,786000,777000,73408
1141,2017-08-18,773000,773000,785000,784000,52621
1142,2017-08-21,784000,775000,785000,781000,40484
1143,2017-08-22,781000,763000,781000,767000,229898
1144,2017-08-23,772000,770000,781000,773000,97015
1145,2017-08-24,770000,766000,774000,771000,116996
1146,2017-08-25,771000,771000,787000,780000,82607
1147,2017-08-28,781000,779000,793000,783000,109037
1148,2017-08-29,779000,767000,780000,778000,105691
1149,2017-08-30,778000,771000,783000,774000,112999
1150,2017-08-31,769000,751000,770000,755000,198250
1151,2017-09-01,757000,745000,761000,746000,146540
1152,2017-09-04,724000,724000,734000,726000,140477
1153,2017-09-05,728000,727000,742000,736000,97577
1154,2017-09-06,729000,725000,739000,737000,80239
1155,2017-09-07,736000,730000,737000,730000,68175
1156,2017-09-08,725000,724000,733000,727000,70880
1157,2017-09-11,727000,717000,727000,720000,75517
1158,2017-09-12,723000,718000,742000,735000,83031
1159,2017-09-13,733000,725000,735000,729000,74276
1160,2017-09-14,730000,729000,769000,765000,226589
1161,2017-09-15,764000,752000,764000,760000,99262
1162,2017-09-18,762000,761000,786000,781000,122896
1163,2017-09-19,775000,764000,777000,770000,73974
1164,2017-09-20,774000,767000,787000,783000,86367
1165,2017-09-21,777000,760000,781000,763000,67757
1166,2017-09-22,765000,755000,775000,764000,64961
1167,2017-09-25,760000,749000,763000,754000,73864
1168,2017-09-26,746000,736000,755000,753000,75843
1169,2017-09-27,750000,734000,752000,734000,92054
1170,2017-09-28,730000,730000,745000,733000,108761
1171,2017-09-29,733000,733000,749000,745000,52799
1172,2017-10-10,747000,744000,770000,756000,164559
1173,2017-10-11,751000,746000,755000,751000,59229
1174,2017-10-12,751000,751000,772000,768000,114527
1175,2017-10-13,768000,758000,768000,762000,73043
1176,2017-10-16,764000,759000,767000,762000,65306
1177,2017-10-17,767000,764000,772000,768000,92894
1178,2017-10-18,768000,768000,817000,815000,219631
1179,2017-10-19,818000,805000,826000,811000,179233
1180,2017-10-20,818000,792000,823000,801000,103091
1181,2017-10-23,806000,793000,812000,799000,64870
1182,2017-10-24,797000,795000,810000,801000,55457
1183,2017-10-25,800000,795000,811000,804000,93258
1184,2017-10-26,844000,830000,854000,840000,342341
1185,2017-10-27,860000,860000,879000,879000,236645
1186,2017-10-30,887000,870000,899000,876000,105718
1187,2017-10-31,875000,868000,896000,894000,131019
1188,2017-11-01,870000,853000,879000,860000,232078
1189,2017-11-02,860000,855000,873000,856000,70554
1190,2017-11-03,852000,850000,868000,863000,62974
1191,2017-11-06,860000,855000,874000,861000,64415
1192,2017-11-07,872000,850000,872000,860000,84428
1193,2017-11-08,854000,842000,856000,849000,102691
1194,2017-11-09,843000,824000,844000,825000,176602
1195,2017-11-10,822000,807000,830000,814000,157249
1196,2017-11-13,811000,807000,824000,819000,94173
1197,2017-11-14,822000,802000,822000,805000,118432
1198,2017-11-15,805000,792000,808000,805000,91183
1199,2017-11-16,805000,798000,808000,802000,86510
1200,2017-11-17,807000,802000,822000,805000,145275
1201,2017-11-20,808000,796000,809000,801000,85893
1202,2017-11-21,802000,798000,810000,808000,79682
1203,2017-11-22,814000,798000,815000,801000,95432
1204,2017-11-23,805000,794000,807000,801000,67619
1205,2017-11-24,800000,797000,812000,810000,68255
1206,2017-11-27,808000,788000,809000,795000,117386
1207,2017-11-28,799000,796000,811000,807000,95372
1208,2017-11-29,805000,802000,814000,812000,91818
1209,2017-11-30,811000,800000,811000,800000,157332
1210,2017-12-01,809000,801000,833000,831000,153285
1211,2017-12-04,837000,828000,848000,839000,136027
1212,2017-12-05,840000,831000,843000,833000,64004
1213,2017-12-06,833000,824000,834000,826000,69199
1214,2017-12-07,834000,829000,848000,837000,155000
1215,2017-12-08,835000,821000,838000,830000,58893
1216,2017-12-11,830000,820000,835000,826000,57600
1217,2017-12-12,822000,822000,845000,828000,73019
1218,2017-12-13,829000,824000,842000,841000,71600
1219,2017-12-14,842000,835000,849000,835000,143097
1220,2017-12-15,841000,837000,844000,844000,91136
1221,2017-12-18,844000,840000,865000,860000,118097
1222,2017-12-19,863000,850000,870000,855000,79667
1223,2017-12-20,859000,849000,868000,849000,68341
1224,2017-12-21,849000,834000,853000,842000,82697
1225,2017-12-22,850000,843000,864000,862000,87458
1226,2017-12-26,865000,859000,880000,874000,103805
1227,2017-12-27,872000,866000,878000,877000,57356
1228,2017-12-28,880000,860000,881000,870000,65370
